question,answer
What is your refund policy?,Our refund policy allows returns within 30 days with a valid receipt. Refunds will be processed within 5-7 business days.
How do I contact support?,You can reach support via email at support@company.com or call +1234567890. Live chat support is also available 24/7.
How do I reset my password?,"To reset your password, click on 'Forgot Password' on the login page. You'll receive an email with a reset link."
How do I change my email address?,"Log in to your account, go to 'Settings' > 'Account Information' and update your email address. You may need to verify your new email."
What payment methods do you accept?,"We accept Visa, MasterCard, American Express, PayPal, and Apple Pay."
How do I update my billing information?,You can update your billing details by navigating to 'Settings' > 'Billing' and entering your new payment details.
Why was my payment declined?,"Your payment may be declined due to insufficient funds, incorrect card details, or restrictions from your bank. Please check your details and try again."
How do I cancel my subscription?,"To cancel your subscription, go to 'Settings' > 'Subscription' and click 'Cancel Subscription'. You will retain access until the end of the billing period."
Do you offer a free trial?,"Yes, we offer a 7-day free trial. You can sign up without being charged. After the trial, you will be automatically billed unless you cancel."
Can I reactivate a canceled subscription?,"Yes, you can reactivate your subscription anytime by going to 'Settings' > 'Subscription' and selecting 'Reactivate'."
How do I track my order?,"Once your order is shipped, you will receive a tracking link via email. You can also track your order under 'My Orders' on your profile."
What is your shipping policy?,We offer standard (5-7 days) and express (2-3 days) shipping. Shipping fees depend on your location and are calculated at checkout.
What should I do if my order is delayed?,"If your order is delayed beyond the estimated delivery date, please contact our support team with your order ID for assistance."
How do I return an item?,"To return an item, go to 'Orders' > 'Request Return'. Print the provided return label and ship the item back to us."
What products do you offer?,"We offer a wide range of products, including electronics, home essentials, clothing, and digital services. Visit our website for more details."
How do I set up my new device?,Please refer to the user manual provided in the package. You can also check our setup guide in the 'Support' section.
Why is my device not turning on?,"Make sure your device is charged and the power button is functioning. If the issue persists, try resetting the device."
How do I update my software?,"To update your software, go to 'Settings' > 'Software Update' and check for available updates."
Is my personal information secure?,"Yes, we use industry-standard encryption to protect your personal data. We never share your information without your consent."
How do I enable two-factor authentication (2FA)?,Go to 'Settings' > 'Security' and enable Two-Factor Authentication. You will need to enter a verification code sent to your phone.
How do I report a fraudulent transaction?,"If you notice an unauthorized charge, contact support immediately at fraud@company.com. We will investigate the issue."
What is your data privacy policy?,We comply with GDPR and other data protection regulations. You can read our full policy at www.company.com/privacy-policy.
Do you store my payment information?,We do not store your payment details directly. All transactions are securely processed by our payment gateway.
Can I request a copy of my data?,"Yes, you can request a copy of your data by contacting our privacy team at privacy@company.com."
How can I delete my account?,"To delete your account, go to 'Settings' > 'Account' and select 'Delete Account'. Note that this action is irreversible."
Do you offer customer support in multiple languages?,"Yes, we provide customer support in English, Spanish, French, German, and Mandarin."
How do I report a bug or issue?,Please report bugs by going to 'Help' > 'Report a Problem' or emailing support@company.com with a detailed description.
How can I upgrade my plan?,"To upgrade your plan, go to 'Settings' > 'Subscription' and select 'Upgrade'. Changes will take effect immediately."
What is the difference between basic and premium plans?,"Our basic plan offers limited features, while the premium plan includes advanced tools, higher storage, and priority support."
Do you offer enterprise solutions?,"Yes, we offer enterprise packages with customized features and dedicated support. Contact sales@company.com for details."
How do I request a demo?,"To request a demo, visit our website and fill out the demo request form. A representative will contact you shortly."
Where can I find tutorials and user guides?,You can find tutorials and guides in the 'Help Center' section of our website.
Can I integrate this service with third-party apps?,"Yes, our platform supports integrations with major third-party applications. Visit our API documentation for details."
How do I reset my device to factory settings?,Go to 'Settings' > 'System' > 'Factory Reset'. This will erase all data on your device.
What should I do if my account is locked?,"If your account is locked due to multiple failed login attempts, reset your password or contact support."
How do I claim a warranty?,Submit a warranty claim by providing proof of purchase and filling out the warranty request form on our website.
How do I contact the legal team?,"For legal inquiries, please email legal@company.com."
What security measures do you have in place?,"We use encryption, multi-factor authentication, and regular security audits to protect user data."
What happens if I forget my 2FA code?,"If you lose access to your 2FA code, you can use backup codes or contact support for identity verification."
How can I give feedback on the service?,We value feedback! Submit your feedback via 'Settings' > 'Feedback' or email us at feedback@company.com.
